3654388	3175144	4715919	328104	978990	71617	117049	4718219	21629	159	0	2046	1798542	2750588	498364	220016	642965	684596	13206	447471	683058	330363	835171	2758440	520567	696201	1045489	835936	2845655	60487	108153	132707	366274	326997	666557	42636	4422825	84827	3003195	0	0	0	0	0	1158408	44151	0	0	0	0	0	0	0	0	0	0	0	0	0	0	0	0	0	662	81	3	0	3630071	3623661	3921415	1890842	3176735	484714	46410	616943	47614	274128	343095	378	15943	139	17040	7833	0	0	0	0	0	0	0	0	0	0	0	0	0	0	0	624	69	7666	241	254	919704	391339	879018	11746	6604	30238	9238	2527	24935	23	20	2	7697	187	93981	6468	2849	473	163	41805	144744	19713	4623721	8918338	2830	1965470	1777033	1362140	711176	424866	178318	447846	509258	410603	266552	14973	663610	593235	671510	680969	502698	606153	904942	295465	1956660	0	854	471	14	0	28734	847	2110	933	126	0	177393	37728	476	381	20	0	18753	7736	374	261	920299	587038	46015	0	0	0	0	0	0	0	1452812	37292	884800	0	897	0	245	14	2429	1410	1	2825	10974	21323	5472	38025	3201	108780	1380102	2436065	260166	7804916	855952	767151	1452970	14627	723383	573522	2390109	810023	25959	48273	115262	0	31841	2	11187	14586	24082	7113	49841	61534	43371	20622	2608	5418	12620	25213	41986	96858	81389	165834	74164	20788	7620	71677	579	1009	412	533099	69666	356417	75803	3607834	24278	912435	1390896	0	0	123	491645	13154	13117	4795	2366	1013	442	151	9	156288	56189	21222	89297	27795	0	4459931	4271339	30664	135173	1773983	1343339	1477660	432897	1619751	2148075	29921	0	24331	32686	23657	10609	0	273292	81801	1471	29527	989	1106	12536	207091	96946	61472	70809	25130	240223	133219	60973	17087	12065906	199978	187873	23024	0	5
3655976	3160800	2948634	226757	959830	44810	90208	3444938	13898	175	0	1897	2094032	1999710	532929	221422	630498	674764	13856	443416	581014	359471	852950	4061221	513637	630651	784087	1002499	3647592	55520	99298	130581	290833	355335	1389350	32424	4413945	18414	1895842	0	0	0	0	0	571819	41361	0	0	0	0	0	0	0	0	0	0	0	0	0	0	0	0	0	731	102	0	1	3627470	3638607	3919353	3172962	3369694	480930	46707	615468	46314	272540	343043	378	15617	144	17162	8847	0	0	0	0	0	0	0	0	0	0	0	0	0	0	0	659	71	7541	241	272	921157	389391	865214	19964	6738	27575	12227	2709	29484	4	9	6	5249	185	73734	10617	3037	533	141	35890	89888	19858	4596931	4637893	2817	2029292	1804450	1352554	845473	401999	122121	454305	489393	416113	262196	21238	701117	601636	661309	653420	515101	631485	893739	302694	1426482	0	839	521	10	0	25172	960	1848	986	140	0	101856	22229	467	392	9	0	19470	3206	372	256	1097567	563321	40307	0	0	0	0	0	0	0	1275995	18523	1012780	0	699	0	247	13	3895	2814	0	6782	12166	23399	5111	39428	3066	132057	1258772	3909509	354537	5297797	929378	1145403	1824411	5635	782939	814590	2528665	787490	23612	50424	113602	0	23354	25300	9569	13875	22990	8381	49028	63084	50889	24282	3955	5274	26165	21014	38385	92424	71676	130669	68037	25946	7362	69594	550	1178	407	587709	105733	415203	77026	3416850	24855	462854	632818	0	0	120	557396	6941	12672	4717	3759	798	454	278	12	126914	108025	20142	85980	24347	0	4563158	4398663	24482	136911	3798570	3001818	2025007	434145	1574115	796215	35492	0	29466	26660	23548	8823	0	274201	243702	2641	41457	847	129	22470	62523	32812	57492	698529	116256	453783	331356	23592	5008	13791990	351122	210659	18315	8	5
3621833	3312233	2932254	231361	960015	44265	96469	3321620	14637	174	0	1828	1792599	2772954	523429	220770	648435	516470	13361	381989	680669	369102	816571	2227231	486523	642509	722342	931916	3718586	55322	102957	138226	264132	425682	1132257	26690	4809131	11973	1703920	0	0	0	0	0	670135	31921	0	0	0	0	0	0	0	0	0	0	0	0	0	0	0	0	0	710	85	0	1	3639755	3640248	3928122	3844240	4592742	481580	47390	618798	46243	275784	341814	376	15766	140	16993	8089	0	0	0	0	0	0	0	0	0	0	0	0	0	0	0	842	74	7621	243	277	933888	389847	869756	17018	8995	25687	9596	2427	27477	40	5	1	4840	190	72522	6359	3084	538	135	39668	88462	19407	4654273	4617042	2748	2336810	1767195	1369702	851689	419517	124085	428090	784338	380942	263560	15146	741570	597129	606602	625340	499602	624881	1036032	291138	2114923	0	818	478	11	0	26931	969	2115	1033	100	0	99951	19923	491	373	4	0	18732	3089	376	239	833846	826873	47125	0	0	0	0	0	0	0	1643813	8883	1188639	0	758	0	244	16	4847	1815	0	8368	10990	22163	5033	39863	3308	141080	1260124	2458059	228988	5517039	756151	636971	1452703	14155	740376	664030	3311218	771856	21722	46415	177876	0	31011	0	9308	13528	36671	8812	46727	73758	44194	23593	3195	4847	23148	20810	52986	86973	87695	131943	186923	27033	7383	69096	544	1073	383	545580	92488	521676	94807	4770542	24553	604645	499205	0	0	121	636064	13749	8799	5671	2060	490	371	217	12	119222	47422	18993	85757	25071	0	4133959	3525963	25917	133920	1763055	1390178	871067	441327	1484187	947890	56527	1	23618	24143	23485	7141	0	274629	156104	1352	75158	923	1625	66707	109534	30401	98016	62966	16607	169590	70905	132089	4155	14181840	69297	40201	20712	8	5
17579336	65389655	135915273	333015	3664784	187870	331464	75257831	29004	190	0	2946	6757971	9928780	19987619	6187683	2331710	2411743	705486	1949840	5490105	4363854	8419674	8416671	1803701	1646287	2021304	2839920	61534750	1550030	1318604	296330	426225	83835632	3121748	2281045	34643463	76874	954936212	0	0	0	0	0	25516668	1009021	0	0	0	0	0	0	0	0	0	0	0	0	0	0	0	0	0	5365	283	75	17	21964807	21520939	33047233	51641162	129486257	1415452	371479	2628414	369443	790282	1845455	1494	21948	147	23476	11978	1	0	0	0	0	0	0	0	0	0	0	0	0	0	0	1426	93	14198	1134	1070	5652084	1269421	3145740	312979	15063	340694	68781	78497	39247	103	46	11	8878	769	144877	14027	5536	1263	264	123331	280951	47436	34610829	302383941	3277	50407851	18487934	8007613	4677291	1572241	6727142	9468772	3412071	2592257	1423691	1114677	5552813	5043084	2975177	3053783	2880390	5715860	8382854	1180469	87389642	0	2123	1493	19	0	69683	10143	5200	3092	250	0	298241	602679	5779	4870	11	0	174336	70113	1501	1291	16748457	28180937	595949	0	0	0	0	0	0	0	16068740	409339	15662375	0	1258	0	1289	9	2339	7838	407	146485	69413	36234	398028	112012	55962	1947962	16867104	5182038	12244340	23758314	74729013	14467650	16900448	11080	52828762	44336123	41789669	16957767	34411	303854	623453	0	588600	480459	64111	311037	341974	426598	85027	415850	51848	149179	19299	400766	26079	41977	504093	594777	612316	711958	159457	39107	81823	4426821	1427	3957	4811	18854680	1379769	855363	2282701	127597083	32441	12381168	29210967	0	0	665	12903789	14522	16872	10015	7516	1747	712	427	78	245776	97987	229005	358980	77158	0	65693313	74270198	519268	1268238	41529191	94963778	133455450	4052802	44149287	11852150	34491	2	684329	1515550	430049	27848	0	896327	147614	4434	88129	7618	2168	546334	1892222	201103	1150232	615199	895124	1509466	2332127	151056	28634	106011423	441838	270314	56973	18	1
137231652	300170628	268477092	526716	32498454	135701	862504	132766740	81087	322	0	2763	51591797	95447013	12363570	5262848	21204130	19406793	320090	12582579	21069172	6118134	42599129	73463765	8843379	14193250	29577729	33108422	116200820	3279562	5010039	4223847	3594125	65096774	14083488	10835678	133383719	999661	132174443	0	0	0	0	0	29037187	1882122	0	0	0	0	0	0	0	0	0	0	0	0	0	0	0	0	0	19795	13284	343	21	195494328	155005037	106855749	115746255	173195119	18427443	2659425	25503367	2463883	11990784	13931919	1484	579238	1350	655335	366725	0	0	0	0	0	0	0	0	0	0	0	0	0	0	0	998	117	22154	777	993	31126312	18770738	28646933	27606	13620	274615	241628	203517	40611	7	5	6	11264	741	2576500	12772	8978	2482	213	1046553	2863510	426588	184312380	144520638	3339	103508325	48988059	150552371	27545626	16306329	9691594	12681533	11655937	20447183	8988021	8604805	12096842	11970340	45360165	51344754	24078621	12063974	50826993	13924716	135733538	0	3304	1822	73	0	205955	4480	4708	2879	344	0	268989	244209	6651	4577	8	0	223870	253384	1537	1290	55820309	51453379	579055	0	0	0	0	0	0	0	42053798	2639400	39680807	0	1028	0	1288	47	204500	8396	0	496262	214610	63273	276341	1788861	228716	1561926	45529611	7694815	7346979	50398881	74930097	82943988	48061772	20295	42290225	38481569	103598923	49920695	100971	272038	1957989	0	1260123	1746108	351307	66680	239090	315536	112650	815038	315810	132763	52169	274740	90845	58381	521096	715056	1013084	1452633	1288990	218129	227509	4803059	2018	3136	4632	12907844	878395	721576	1617574	133806858	31571	37152359	35726260	0	0	676	40651401	6895	216609	12791	5042	1753	976	522	210	8274942	2401702	180660	196021	77967	0	153945558	305832920	1202519	3733786	63302720	40461874	27493749	16712137	114765238	46363387	25064	260	1317283	1555766	1174944	158689	0	20029305	10561675	86034	524930	10054	3163	313938	1413683	861865	955984	2408493	606413	4844858	3158846	174458	44900	280808807	605249	667175	382687	50	2
110942029	166168902	148188222	282707	31179151	109570	889684	189411779	144430	299	0	2802	52673742	77467590	29340585	4557251	18901563	21539921	396979	14673048	20518284	6217281	24413767	68307694	11165397	17021247	42087072	28132985	107004594	3346891	4331705	3652574	3179719	74388134	14514375	9798955	136479040	866077	99935237	0	0	0	0	0	36952890	2081421	0	0	0	0	0	0	0	0	0	0	0	0	0	0	0	0	0	18310	15409	177	6262	105090260	102022405	142784306	104917922	156059434	21190514	3013321	29799795	2946588	12244214	13639860	1492	619480	1453	855260	506806	0	0	0	0	0	0	0	0	0	0	0	0	0	0	0	1066	110	24556	772	901	30494570	18677595	51212407	29795	16335	227292	207253	191684	38930	54	26	14	21626	753	2604022	12479	5061	1537	194	1059633	2770664	382036	136834902	167603042	3514	83085332	51795985	40155630	29139265	21498562	5673068	11994874	12596114	17110071	9859963	9322335	28893667	10596108	41171123	30326071	28838276	12519388	30241381	21791370	153562725	0	4592	2085	25	0	83227	3959	4601	2473	417	0	248032	250394	5879	5088	7	0	177379	238902	1487	1292	173657839	39283751	1284102	0	0	0	0	0	0	0	60757244	2005126	74482779	0	1575	0	1288	13	188150	8478	0	850615	262998	62449	272938	437871	335363	1599371	135928068	3959358	7887953	48391174	37298237	122101820	71824299	32689	40242803	38739006	214846996	63467362	395254	756019	1506680	0	1221849	1137351	227113	32548	545545	354301	119846	489514	306116	122011	24747	269709	42875	65613	671044	618911	1087060	947958	1005642	184353	315230	3578824	2043	2867	5062	40261279	1631946	1404392	1677732	429341838	30385	37598893	58182988	0	0	660	36793560	6788	40721	10016	11037	4240	1503	413	60	10236587	1688178	179796	217682	268589	0	130860235	163836875	1853468	4020019	48970311	45840224	31562063	16166970	77399933	51107479	21682	102	2243014	1279394	1229044	33504	0	11362577	2542853	75720	185091	6210	4539	304459	936220	1284198	611179	1931114	346374	2466218	5390027	126122	100987	101950200	2324842	363802	158657	2177	2
123136718	202411113	155906712	361316	33557023	75515	420145	132620114	66800	256	0	2761	57919125	105986890	16054607	4820844	22680690	23744118	389054	13825097	26627601	9589767	35531988	92896011	19988624	12411814	24164287	32637026	110953544	3059006	4729359	4742335	4195007	88911353	17922113	7904277	134735295	1061154	136296040	0	0	0	0	0	33506393	2004231	0	0	0	0	0	0	0	0	0	0	0	0	0	0	0	0	0	16954	14674	316	51	166357551	214629501	149883146	216173260	382421161	20767965	5136781	36959211	4503126	11704453	13682610	1496	853075	1970	839021	335139	0	0	0	0	0	0	0	0	0	0	0	0	0	0	0	1314	564	21233	768	881	34273395	36152124	54687851	88190	13627	219946	210695	187016	44588	10	64	33	19444	742	3289940	14743	6800	1580	235	2604398	2983091	554289	181307182	154180206	3480	88162639	54923183	36803835	48687877	36407410	7140459	21238907	14755196	9822562	9475035	7436773	12887962	11798173	26476574	35280074	26257517	10243251	30449033	13883326	168399373	0	3448	1960	30	0	171211	6045	5492	2818	495	0	278773	252332	5909	4536	11	0	183150	230476	1501	1275	37720992	37329049	876795	0	0	0	0	0	0	0	52625114	2862352	39609587	0	1391	0	1284	11	208851	5269	0	600079	230733	44675	273875	490114	202385	2407183	48256306	3542473	6942954	75857073	71336566	93723113	40086467	12307	52904751	46715428	202079832	49242895	182925	356049	1037940	0	1617650	1315996	280130	105222	414536	288975	72532	591249	249492	116634	23232	271489	40812	55493	672084	755336	773427	894264	562459	167309	28568	2560456	1535	3330	5614	20706495	784620	790852	1958423	137236296	29413	42301698	54354670	0	0	681	42716700	10067	100449	14359	5331	1651	1385	174	18	4786442	1359948	231819	250706	108512	0	241182548	129764183	1482617	3762581	52910529	69800077	31762419	30224628	85115751	36818969	27647	77	1722877	1791402	2479011	34988	0	14038242	3219915	24830	368285	15233	7021	555553	1126108	894150	480769	1164389	510711	8000628	2524671	653828	46834	108581737	1598172	841073	45936	97	2
9052653971	5459624553	7431261669	4381115	2083906136	2035225	10962754	5096845129	2572637	3234	0	14415	280464803	8794483954	350099676	101082732	99432113	2239389699	7938616	925121931	6683710994	55059618	218129703	1825217596	131625831	513552164	574499663	534731844	4318363343	27850660	27873303	29187280	24984922	3374049739	227203785	163073467	9388301516	10779049	3794784930	0	0	0	0	0	1053939881	19581332	0	0	0	0	0	0	0	0	0	0	0	0	0	0	0	0	0	249118	30624	2442	4424	7084829748	7582898187	10973913258	2787777840	5661962087	1148261761	451203795	2076529347	361848364	734145836	1191253800	397569	2224416	7050	2602586	1430085	0	0	0	0	0	0	0	0	0	0	0	0	0	0	0	11167	4559	372169	1862	2878	2746883347	1125723815	3221790743	9112359	125674	16268278	7272258	8218267	11711047	705	788	800	206821	203197	28949419	385385	151840	47969	2321	10624375	31173253	3933005	8175817086	10845172497	38265	2509739499	2588833681	3105733310	2706302136	1852570853	145484102	203870307	34681517055	1183880538	559922155	229110934	1259678081	981492759	1631035041	1719706508	801920863	797314679	1676933894	751855661	2865293975	0	252315	90033	529	0	9286311	67417	340058	186867	751	0	4609207	3621906	16998	20268	83	0	2085273	7706929	430063	1917	1649088035	3430644902	53480618	0	0	0	0	0	0	0	1652411835	4687589	1321605756	0	220455	0	1906	12	413477	225689	17	3037713	6741160	951491	757101	9246856	8765690	30478614	2493492113	200099365	28520450	1868962596	1579796817	2170850922	1359210151	478085	1500483682	1716533113	3511018345	1995331176	1471697	7981916	14196353	0	58899851	42024415	8471366	10189005	16208825	44493617	2288379	59236870	2501627	39530845	34292297	455176	1398550	1046636	9583238	140321922	11708448	136108869	15469995	1226863	788994	56688395	95672	174967	12677	298915302	13732003	11365793	13555883	5312377146	284462	1484872074	1868892668	0	0	1832	1461115259	19628	1700482	684649	118530	36298	11322	4044	495	55329967	20413631	809213	4647818	11783425	0	7479694393	5340636131	61625311	37922199	4205820456	3803045406	2009522110	1265210293	4847054962	1954659176	110518720	4200	71389099	72992974	61871637	448426	0	982041492	29724122	426802	3121902	123531	64671	6302470	28006884	17420144	22800804	20765279	5823072	80975509	42500961	8953294	961953	4293055281	20553963	14962524	4675801	40948	3
14822092187	6194566000	7811620713	5334025	1947817166	3104581	11544969	6805690522	3200628	3427	0	15132	327124276	9816652260	235803280	101488386	122431180	2381519272	10233216	1174669524	2972368929	54280589	242576035	1628690275	103986693	654764603	622192623	693576736	5267008870	26877904	28361847	24642995	22621945	2634527954	155824409	152353650	7636840259	13722495	2958845395	0	0	0	0	0	966914401	18254303	0	0	0	0	0	0	0	0	0	0	0	0	0	0	0	0	0	205454	25124	3081	4590	10004263391	5782096649	8326848702	2849281769	7854689967	1581597728	373266506	2219931352	377973197	754959484	1973854460	378391	2257978	4340	2612010	1627823	0	0	0	0	0	0	0	0	0	0	0	0	0	0	0	8548	9835	309161	1782	2575	3111484478	724215074	2830382662	7749491	192390	24442907	7648418	6358916	7457886	1909	975	371	221219	150446	16049899	326122	135870	39293	1764	14915222	61375420	4513731	10590829489	10153033241	28117	3449477789	2788668011	3301332638	2130799815	999120028	144169384	265371693	606146655	961954525	608404237	144638601	1011865325	968935134	1434510250	1897001280	655609258	818877353	1764619889	492487118	3326258546	0	165930	78346	1917	0	17447509	81449	378144	179426	1587	0	4562703	5190345	14080	10590	110	0	5545384	6061038	436590	1943	1214877037	1658041816	62946408	0	0	0	0	0	0	0	1787915361	4824989	1555332393	0	160201	0	1924	93	731745	197568	7	4539008	8376115	823876	685273	9364514	18655471	49554342	2242062324	37362891	600184025	3270773709	1676090538	2964320634	1642658909	414865	2194264272	1643608712	4473111587	1617805177	1449830	8731413	17591428	0	53286514	48149293	6843295	7483505	18239064	34071270	2252027	71173186	2454396	55779656	23562110	519050	1812676	919415	9649746	63853774	12301479	105524471	14355583	1143555	578639	60604578	102802	283149	55896	274373145	12071738	9009915	11500244	5945585494	225416	1105381533	1603476499	0	0	1479	1197787736	9835	1295872	528131	73575	18007	11715	2834	672	39978015	17877250	1013955	4951342	10669309	28	5735773530	6179694230	48359721	33422109	3147057927	2729405801	2759768268	1088753890	2794940161	1740730146	167111	3098	69593700	53068353	36179022	7188885	0	707632175	61325019	399004	8579248	288042	84222	13148316	21455327	33396403	32651699	28550529	11517599	263506097	61265314	25603878	2300701	6215358261	62890853	53799923	16318452	16406	3
7661861107	5471057991	12327994926	6647401	1854411418	2608991	9100017	4904603847	4366314	1948	0	11471	298020175	8129175121	230639234	118944059	121867851	2036092678	7477800	1406061805	2094275711	56233546	170545375	2168062388	146834784	450151979	485653700	692444814	5326817657	19044747	28049652	22834323	35170739	4151170943	180780791	90094614	10055098997	18433589	4497732740	0	0	0	0	0	1000720361	19626058	0	0	0	0	0	0	0	0	0	0	0	0	0	0	0	0	0	210448	24095	753	951	9902570873	7912594047	12529912248	3285541029	6167287263	1108444590	322428775	3048326532	385450248	671001930	1581223960	327677	2382989	3834	3031812	1422611	0	0	0	0	0	0	0	0	0	0	0	0	0	0	0	70464	6250	332101	1764	2676	2654860820	694108579	3182209696	7552828	184513	13329617	8026343	8395271	7274309	1761	1154	704	130959	190481	14696143	416671	118545	40481	2160	11613722	26127036	3574068	9470286590	9154836883	33184	3293212271	2786605243	174541971212	2196239860	1036197006	161724632	206143327	571537458	949147830	493546785	141054558	843419307	800799478	1442333692	1543002170	884481582	797003855	1495409022	543106654	2489756496	0	165473	70869	2061	0	6182968	70253	245562	145038	2757	0	6399680	3140285	45896	45801	578	0	11754426	5758000	202136	2120	1304514371	1101039283	57150277	0	0	0	0	0	0	0	1334674312	4819494	1160909862	0	122549	0	1908	19	208482	152585	4	4022619	6166803	2266522	1532710	11442133	5996522	54953720	2313103013	149205950	96807330	1793916147	1191279287	1304872531	1211751094	4724860	1136208638	1145536549	4063981987	1566516197	2062452	8446393	19165601	0	52416684	32604878	5733910	6437337	12593747	25669847	6735130	60275049	7990599	45000461	25590484	756600	1789065	1309693	9114123	37243602	13064782	71980686	22946000	1686309	3163297	37258161	66366	170566	54602	194204215	13214815	134477430	138130576	4418802105	181940	985359100	1255338856	0	0	1478	1170583104	26878	1487066	656531	157627	70385	51287	9338	2081	74175814	26140959	3823573	5826270	6163988	2	3830097371	5629531170	54757614	46199201	1902344537	2295704236	1633027042	733094945	1828778160	1316467435	8745685	5110	49074796	62593204	6930141	9523388	0	476774547	44622129	1382003	17560796	645981	261306	9716240	30931280	33379314	58371372	55955318	9908411	188554014	73780045	21762891	5072560	10002292553	72080510	30382004	13790575	50205	3
250456980	272259669	320307858	615379	73608371	181098	539754	282633840	114574	447	0	3665	82441838	187190875	44683430	10407212	74816675	72197262	496103	24689381	59860785	15613560	82139540	106688677	13614961	24000215	43542097	42025798	244331701	4787886	26749741	9916994	6396465	168562849	26701288	16681547	269818367	9104603	292093289	0	0	0	0	0	90518929	5500019	0	0	0	0	0	0	0	0	0	0	0	0	0	0	0	0	0	41513	29817	625	67	189948238	258370468	252346333	276421885	401096870	38435845	5957723	61854762	8753204	32155267	44673131	1636	1649120	225	2988613	2954577	0	0	0	0	0	0	0	0	0	0	0	0	0	0	0	2292	3411	32147	990	971	66226751	58852343	72682666	167051	31157	480838	738835	599659	154337	277	366	1213	41798	1230	5655425	53356	108448	1725	346	6133475	22926141	4008683	482077274	1019775182	5923	308007539	293440959	151111212	55374896	94686034	29104706	228489364	71623158	25959898	40459726	25311793	33821747	22258862	67755009	55299338	61402198	37811554	164798426	140627606	305276951	0	22205	7125	127	0	523568	7097	36494	4585	881	0	885038	1459552	56917	8148	22	0	1524441	1802956	1701	1303	144153185	104234351	1398260	0	0	0	0	0	0	0	191937086	5886449	123404371	0	1279	0	1274	70	737172	7980	0	2220464	638353	134143	466268	1535670	696249	3529474	93486510	7320465	19391137	124719446	100655054	96830888	81555775	587293	93491396	122473282	293827135	133709768	600585	866059	2774938	0	4140002	2359252	478822	121898	595715	747046	276744	753397	838930	450741	84061	411564	105872	129736	1538593	1273692	2333823	2850207	2472399	440124	330935	6069021	4490	5001	10393	51629843	1907062	4117813	3821668	438305229	49937	98990626	86498303	0	0	731	165644241	14090	160986	33413	16827	4828	3502	2160	478	12877873	3603601	508657	873954	415407	0	400995628	597806632	4065763	29047772	143973722	234609593	102234685	59362620	166522283	112329467	43829	289	3989949	4715447	2705275	198612	0	35150389	10677037	334470	4975448	57937	20363	1081030	4467563	7821278	7151254	10135129	1672297	25634834	8718906	9685470	583527	1408369566	6614841	6146878	1383042	3535	4
414851861	480626800	3248814582	4719207	85706080	453912	1869380	1256294127	448036	475	0	4062	132483667	415635013	42777439	17955907	324008544	71719967	1149645	38755795	157305786	67556072	114295181	291694919	29684647	57957681	44061218	70361170	424120521	12824719	52767606	23585843	21004350	168980968	35101173	18408616	324356894	2592601	384667412	0	0	0	0	0	100981148	4956966	0	0	0	0	0	0	0	0	0	0	0	0	0	0	0	0	0	34371	19774	1687	69	303060235	268797131	294734060	271092175	397045410	42660074	5836000	86485057	5346046	25873395	35923812	1590	2026034	246	2956478	1164157	0	0	0	0	0	0	0	0	0	0	0	0	0	0	0	3708	13326	35998	813	2075	186567679	87475538	73581827	104212	46796	1506163	1499891	696708	102595	150	98	158	51352	806	5089645	48581	21187	3151	462	2260739	9125047	1319828	387606957	409585615	6892	346871280	131394739	105609753	64671041	38768145	19697273	60476514	55971081	61288224	26343597	23847820	28367379	31532346	76876546	65382290	63477508	49095415	66744150	28549850	250682447	0	17821	4849	69	0	351018	4408	10489	3850	737	0	913254	594860	9463	5713	74	0	447238	449746	1585	1280	143256855	268177107	1788521	0	0	0	0	0	0	0	112622982	5188950	113660661	0	1285	0	1282	4	168750	7602	0	2093151	435618	96757	415939	1034683	474229	3941517	104619183	13117725	22454167	198934958	123427539	149411891	313354711	774628	131425716	115929065	203243098	150326175	428804	995026	2100898	0	6246962	3089836	511920	115781	1614448	469541	150403	1034566	594822	820314	73646	417302	60402	140036	1273716	1988372	1900935	1887530	3399499	508773	1350045	10146524	8449	8655	7037	35894691	2169501	9439854	4550856	296562266	52010	120180698	75619005	0	0	816	92507214	7301	372986	44746	11841	12877	4900	2114	333	14029133	3303735	1375106	553234	250066	14	845828011	549190834	4358185	13559221	222236139	231385262	96157879	41586575	343877369	113515561	28554	267	3824585	3426993	2222076	533255	0	29812958	12467465	623244	3498956	42198	35535	847269	1825172	3171222	11296125	8408758	1717383	10324222	5793133	2955834	787711	929240761	4367085	11344817	1689758	3748	4
257832958	391412493	470554344	1428873	82839418	283720	830852	758229726	129015	450	0	3923	78232557	192006351	28731457	14494099	37359716	66070755	452549	39129805	54780166	21889285	49814710	214685244	20930195	26563651	42482120	68928090	583937500	7196269	22073810	15515741	14684497	303586627	27381560	17062430	361379974	2999151	223117527	0	0	0	0	0	84242031	6446488	0	0	0	0	0	0	0	0	0	0	0	0	0	0	0	0	0	67189	28100	1442	171	285759223	255136938	273572732	220563695	888591764	38297196	7604565	77906540	6717553	29331589	36683121	1654	2458391	235	1750896	2056032	0	0	0	0	0	0	0	0	0	0	0	0	0	0	0	2653	2570	47950	827	1001	91150002	48736079	96057760	192987	46800	548921	852515	410158	115973	105	142	64	51961	780	3178293	28106	12243	3467	536	2701367	15579412	1043890	767953095	1172694820	6221	377597008	156004453	102385601	90500497	51853751	12836784	41242906	77218538	42542895	18561822	19828365	31349038	30489452	84431335	50898700	50749596	28039395	72240581	62313881	323388450	0	11161	6684	93	0	404403	4438	38313	4117	575	0	1058198	403071	7992	7005	64	0	331047	434061	1559	1285	124134974	125507826	1514678	0	0	0	0	0	0	0	110932538	3935068	114760370	0	1334	0	1278	136	254632	7600	0	1136298	680745	117449	415672	1201520	558824	3398468	132415185	9306954	17216580	131836659	86651254	141496052	119007278	348227	152718265	202202455	204872696	147427116	357022	844418	2344843	0	3676904	5244004	540344	448933	653742	460718	156313	1673483	836588	401636	104018	403778	74002	104064	1023800	2091903	1353303	2812089	1619569	335080	115802	11582191	6918	3589	6091	30267257	1848543	1415821	3894125	767406438	51610	147624343	93849467	0	0	715	108248367	21038	89140	17124	8292	5375	4958	1079	254	9981918	2873415	461755	536343	362533	0	279799094	1588231036	2623754	17950513	115914610	119125914	91094844	110059623	190828250	130192711	70956	36	3246083	3649961	1708917	124486	0	27100441	15913982	263281	1174152	30195	11860	674565	1689688	2586338	2994782	4507947	639715	14475937	3237383	1208085	306065	934487655	3300221	2256526	915578	3635	4
3639291	3183462	9786465	217405	959884	40884	114231	4753769	21849	180	0	1868	1857977	2754953	528829	213941	656465	666200	14155	436504	694621	332714	862463	3089986	535420	645983	822251	954936	3712110	55913	108647	133713	307861	340223	684057	23826	4448665	104296	3019353	0	0	0	0	0	779224	31670	0	0	0	0	0	0	0	0	0	0	0	0	0	0	0	0	0	628	63	0	1	3677359	3656139	3959829	1783153	3158777	477278	47218	621311	46912	277126	343908	380	15860	149	16803	7934	0	0	0	0	0	0	0	0	0	0	0	0	0	0	0	624	85	7535	244	272	922279	391806	875768	11558	4875	18327	6731	2343	25967	5	1	4	7661	188	89155	7111	3088	416	119	88136	98112	32547	4470915	10450724	2751	2057239	2280069	1354716	833275	424900	123030	451997	519280	410139	263838	15174	622475	605550	664049	689916	532226	634826	1033564	277248	1856171	0	1386	496	18	0	23626	901	1919	893	127	0	86188	18711	466	384	13	0	18361	3270	376	258	1311844	1232384	46018	0	0	0	0	0	0	0	1493818	39700	933517	0	677	0	240	12	2517	1446	0	2567	13074	21641	5144	39767	3335	125545	1266620	2744360	257201	5965883	639558	610897	1665561	17829	1601988	526453	2339345	893745	22563	44840	134649	0	24619	23719	9715	13903	22956	7182	53524	72791	41674	25848	4082	5351	19448	22746	41407	92299	86893	131053	41448	20187	9143	70816	577	1057	397	546778	105495	381007	64025	4434263	24744	530771	462311	0	0	121	624185	9818	16597	4054	2206	531	410	251	18	199414	54457	24542	91744	29122	0	3207071	3372412	25283	137262	1833670	1434820	883726	434208	1349752	1264949	31869	0	25531	24355	23308	7537	0	276982	77906	1141	72110	202	77	12733	116730	291901	104799	330476	175960	450092	651092	39407	6308	12061183	70289	51257	22331	48	5
3623936	3178289	2832570	201591	957910	47244	124777	4577748	14688	175	0	1973	1791123	2768772	533156	211474	640208	658419	8904	362523	635555	346703	829757	2911621	460377	964085	809289	740860	2537190	61075	82331	128293	257858	416070	683503	31743	4434464	11511	1996035	0	0	0	0	0	575127	42701	0	0	0	0	0	0	0	0	0	0	0	0	0	0	0	0	0	737	102	0	1	3649935	3669147	3956091	1994606	4448356	482621	47288	618530	47260	274527	344222	378	15319	142	17582	8271	0	0	0	0	0	0	0	0	0	0	0	0	0	0	0	626	72	7470	245	272	923609	390841	881069	10962	7770	17882	7223	3152	28907	3	8	1	4026	186	80384	10285	3148	554	125	38146	84695	19203	4616590	4745083	2763	1750950	2269957	1345149	556750	179417	174796	684927	774873	414809	265661	13829	620500	600704	660313	690252	527398	630603	1035818	264630	1606686	0	847	500	11	0	26178	1118	2308	996	109	0	111135	20483	498	251	13	0	24903	4682	376	257	864469	542911	57454	0	0	0	0	0	0	0	1445303	36988	1044289	0	685	0	245	13	4401	3124	2	12058	16076	21353	5174	39303	3003	108752	1564644	2186658	311810	6886671	707414	867612	1699712	9936	917622	819760	3487078	1220486	23596	46970	139155	0	32435	23406	9087	24823	23699	9222	56097	74679	36262	22994	2274	4750	20109	21475	38191	69718	71458	131289	81831	22716	7668	81932	544	1028	422	544148	107283	640742	88962	3229632	24552	582400	1625172	0	0	121	439242	11666	8608	3609	2079	526	438	254	29	119920	47646	17237	173930	23502	0	3102877	3424792	24238	138965	3272007	1416699	1923762	1190596	1966385	1453562	25892	1	38136	35881	0	57489	0	275584	292193	4775	35316	430	432	13221	65507	137102	178244	232015	53347	430298	106197	22020	4565	20825231	184810	174150	7942	8	5
3634127	4261396	3920085	247668	845637	52292	96587	4459475	21517	154	0	1854	1781637	2725454	525620	218829	643728	693199	14803	443084	701007	319901	880946	2887770	522468	609984	817497	1145202	2478440	58333	83159	134697	172748	328926	739319	63916	4460511	78192	3182879	0	0	0	0	0	728306	40611	0	0	0	0	0	0	0	0	0	0	0	0	0	0	0	0	0	659	88	0	1	3658815	3641646	3983659	1857880	4593050	479504	46698	622466	47109	273164	346122	380	15993	144	16955	7996	0	0	0	0	0	0	0	0	0	0	0	0	0	0	0	658	65	7558	233	271	922813	390665	880876	11170	5382	18551	7150	2910	28768	7	0	0	7361	185	74443	6605	4395	427	130	79431	148122	30378	4390647	4681896	2815	1435044	1810103	1357000	712894	418418	124974	405903	527352	410511	252083	15981	634829	561442	607146	693811	528758	629022	905636	297221	2295324	0	1482	520	7	0	29335	830	2047	910	114	0	103403	18572	503	366	11	0	22228	6283	370	243	800543	641821	47464	0	0	0	0	0	0	0	1543555	17553	857624	0	687	0	236	7	3944	2356	0	9883	10557	22490	5187	38080	4051	110935	1501669	2298841	233841	6301457	623328	1172017	1327627	6665	727468	486567	2400484	959617	24522	54809	119553	0	56757	0	14093	17228	29160	8605	47802	68982	45983	23417	3868	5194	26982	21226	41058	113340	85948	152192	113314	22613	12384	138684	691	1079	396	545893	84309	487244	86340	4955270	24604	471441	585188	0	0	120	599582	12596	14613	6329	2310	518	607	155	11	160165	53950	21789	79819	25107	0	4410860	3384065	24524	139703	2343122	2922782	1391520	430966	1410915	760786	33731	1	31631	33165	0	7662	0	276936	78220	3342	135418	312	204	20454	65693	185151	48594	249963	18025	161462	73093	76930	14570	11868635	77768	96081	14231	8	5
17117273	60754005	64695618	462584	3460428	74586	258941	64412998	26035	216	0	2792	6425958	9836068	17533239	5670800	2431229	2423615	584707	1956755	3189556	4256479	7685959	7478162	1703031	4129883	3270687	3285940	67536811	379459	1921606	309835	464533	49586343	4929058	2189923	38751634	548309	56572140	0	0	0	0	0	23343429	959577	0	0	0	0	0	0	0	0	0	0	0	0	0	0	0	0	0	4435	178	14	13	17586350	17267829	32883467	48208759	74471132	1297401	365612	5336473	367068	858084	1704271	1496	22923	150	26731	12117	1	0	0	0	0	0	0	0	0	0	0	0	0	0	0	1633	168	14715	1166	1105	3503775	1286876	3355517	41756	7329	83771	64024	61984	50850	122	153	10	6992	823	175225	10457	6422	652	337	141469	235773	36858	33326287	41273233	3194	48692350	20688254	8099723	4549837	2025514	5138872	9453527	3540064	2608461	1110936	1539394	5691324	6982264	2963975	2832163	3320601	5335301	8392843	1182253	85721160	0	2171	1423	29	0	65100	1783	4305	2504	648	0	276108	640384	5769	5071	35	0	189364	56755	1495	1291	11540866	35206267	583557	0	0	0	0	0	0	0	85432655	755471	19946052	0	1121	0	1288	9	2630	8699	549	287534	66811	34238	401397	107403	85440	1155717	258483748	3359785	11366829	18450147	18369481	39269022	85144917	264863	35152116	14845737	64826135	29074234	33887	234995	715949	0	487030	504331	228862	30597	97911	418136	112920	239960	68346	97246	20783	400245	44665	48087	511185	651935	558319	720708	306004	36837	44568	3127769	1463	3338	4753	18934703	586312	682417	2719144	81462404	29724	69009434	91320282	0	0	656	21664806	12891	15658	9348	4129	932	721	557	56	384955	163055	199532	309659	99153	0	67668353	104687411	846481	362295	17937567	25195467	5177306	8416732	39005982	15304600	31071	2	7959961	1007250	166521	63265	0	976408	157407	9102	278350	7391	6662	451484	1183402	610376	962584	529861	465714	12943244	2132935	236906	47391	100029217	578309	432467	101167	629	1
19364252	73215032	55006497	488550	3422952	81271	342121	66825186	29970	175	0	3275	8039298	9246547	16433138	5649714	2369366	2376823	876544	1949197	2800985	4138320	7121213	8460098	1159996	1455647	2018755	2829148	64992016	360308	1149088	321747	558582	47865117	5359275	2170948	34516902	75865	52399387	0	0	0	0	0	22632689	959265	0	0	0	0	0	0	0	0	0	0	0	0	0	0	0	0	0	4374	183	60	80	18370441	18565602	35445689	56567398	93695729	1491050	366811	2422128	365796	759244	1673186	1494	22058	148	27900	11525	1	0	0	0	0	0	0	0	0	0	0	0	0	0	0	1451	162	15084	1140	1065	4142399	1338414	2786430	55572	15462	348447	90823	13131159	41987	100	71	145	7546	768	141661	17614	4055	1358	176	109338	224353	35182	33224867	37965188	3133	45250771	30791373	9017976	4097217	873271	5520349	10548641	3454435	2545668	1452773	1146771	5665165	4998393	2980689	2893190	3547702	5504561	8403105	1178049	51405875	0	2159	1152	34	0	85027	1405	4620	2354	531	0	224805	576598	5773	4891	12	0	172039	258609	1505	1284	16397344	17153899	1012663	0	0	0	0	0	0	0	33038443	349619	11922724	0	1258	0	1283	51	1922	8618	467	272501	69165	32331	401863	161440	57549	1094785	12059320	4613055	11214515	20916833	11943321	16894293	50595914	18468	110512701	14274465	37409173	119559729	91837	155828	610642	0	657217	377370	67867	24468	95924	422510	73105	144813	49633	92204	17977	400211	32366	53311	515777	881408	912722	1015559	126847	34739	28995	3094025	1708	2769	4842	18925887	622327	718161	2762710	67997960	26852	23763597	31896145	0	0	661	15008456	14745	17576	8974	2866	1132	1015	355	135	395928	102847	187339	240081	84117	0	61361969	71353594	625552	299671	18672774	8961772	15249296	2277469	43884325	13249299	45264	6	469223	513804	425922	34437	0	750987	251424	17858	143522	4949	3221	561027	908842	158661	881400	6141762	466465	2030315	2755442	244022	41674	115551418	1513013	370666	106680	0	1
32794510	90708596	65206206	342182	3528772	79720	344962	66172263	25760	167	0	2789	8034988	9097201	17300343	5693571	3067097	2170570	444033	1831137	3163575	4118096	7157418	7956683	1650202	1920479	3047611	2457255	58810638	363451	1422281	275860	779094	47615655	9310318	2054594	33877451	660410	67949349	0	0	0	0	0	21988321	957151	0	0	0	0	0	0	0	0	0	0	0	0	0	0	0	0	0	4566	160	379	30033	17390681	17421294	32832121	72355408	64910023	1360216	366070	2431882	365893	747702	1676909	1504	20804	152	22769	13212	1	0	0	0	0	0	0	0	0	0	0	0	0	0	0	3987	126	15034	1156	1076	3537316	1263913	3088394	324481	21609	368139	69701	60209	49166	173	76	27	13430	780	150206	14558	5882	1420	222	77634	185609	49795	33297753	149094779	3127	50811512	25527891	8359715	3327290	1027096	13154677	10013567	5850653	2322294	722604	1217221	5526913	5769914	2883340	2939690	2862970	5398287	8316896	1153026	46512108	0	2259	1175	33	0	87143	2311	4025	2730	649	0	223492	569499	5727	4629	31	0	178274	72276	1487	1279	370460452	16044874	839063	0	0	0	0	0	0	0	18271825	359434	15362028	0	1315	0	1287	51	2848	8388	600	144133	75952	40465	407503	118511	6798215	1023322	14043205	4039889	11233085	31031563	11068272	13979214	14439871	594931	15512232	11087340	25155754	22448017	37970	176910	617175	0	1496151	512280	134689	109487	332096	417989	78617	189198	112276	113022	18991	398714	33120	44500	553230	807875	660426	799962	295040	32062	14528	3163880	1629	3417	4758	27716670	705281	1557769	3635133	61682363	27154	43160478	45871034	0	0	678	10249476	17427	16647	9753	3907	1169	1409	386	134	236989	98894	167327	219272	108796	0	125335389	64657676	562308	401482	18259711	15008459	5713660	2732280	48958431	11570043	49509	6	633167	512216	409110	24454	0	746082	365352	16774	239365	4908	4601	428441	1076963	144953	507238	516280	482410	1623322	2944602	459439	50308	75386544	247990	160380	59174	616	1
15675023157	6087255293	6948746181	4926714	2822098236	2456626	10109059	7168123943	3960310	1177	0	15325	259884294	9953506535	226290005	81403831	114311795	3356005883	10444522	1215639791	4074525684	55024441	222158610	2532733283	128407916	754823582	733122925	767485471	5663526784	36486783	44214086	28323772	27234226	3083931472	255616610	171238555	12636424463	17782243	4551978218	0	0	0	0	0	1257749884	20297778	0	0	0	0	0	0	0	0	0	0	0	0	0	0	0	0	0	292031	36316	12382	717	8992552762	12314189149	11366360520	3054000330	5526232967	1871874226	415445971	2767097246	499108762	732513219	1660133092	348713	2216440	4602	2791495	1577489	0	0	0	0	0	0	0	0	0	0	0	0	0	0	0	22655	3182	354693	1785	2845	5979080932	898829970	3344930296	7501378	182836	18158664	11194996	8115806	8728843	1126	1298	376	152410	323226	18549002	343519	100764	35198	1200	9793538	24932846	3723277	10688752898	15615315179	48532	3369408621	3423738659	3035996643	2636777001	1381556198	118019408	190624045	606857281	1323229972	841822927	365456086	1163013353	1104760574	2100422006	1913751104	1087347729	838137666	2256556887	746712800	3212278723	0	262847	140401	273	0	11193530	38940	419557	187406	1178	0	4971452	4409487	53654	9947	74	0	864000	11783246	408589	1957	2608984594	1504512636	77172327	0	0	0	0	0	0	0	2400908439	6773391	1893838845	0	244208	0	1910	62	420186	225426	9	2311398	8563997	1292578	638696	9874780	8584518	39993909	2831565455	48569098	44292809	3300889846	1824559465	2104210963	1901773023	1194701	2199206114	2142188571	4991090831	2557404607	1391736	12178820	17026517	0	54373769	35824157	9244314	8213580	19041589	19397437	1927508	66915196	3357529	61501788	40029369	597573	1718717	843218	10961085	76959265	18037528	113813566	13307870	1238819	1846105	98264830	114331	343931	12235	262133142	17329074	17918342	9240826	9357445881	246097	1538288316	1914791926	0	0	1728	1866754666	17927	1812137	671379	90022	12429	12855	2442	617	47192519	17136618	577111	4615291	10075043	0	7188639387	6030048848	58653199	35979676	4178759670	3784654716	2166688519	2503059672	3334380844	2141084458	64562	450	73833035	57651447	63675897	760750	0	852667186	36060621	378793	2216521	198844	113701	6796298	12570686	31838426	25953060	20599617	7868475	57018691	25911960	8101377	848217	5697618934	16649483	13057503	762106	11461	3
9575900444	7143709342	6348067128	6328342	2442056268	2204440	10980970	9682434154	4339165	1182	0	13638	295564663	8813767484	263861568	125025017	124721253	3826994962	10259299	1009374241	2598911915	52411513	199599878	2110677053	120438892	524310420	596182583	840047109	5336072217	34555748	26084439	25206122	29559249	3603091984	236673779	185068220	9616318885	19511840	4683712670	0	0	0	0	0	1387331256	29834530	0	0	0	0	0	0	0	0	0	0	0	0	0	0	0	0	0	213980	37341	1424	3833	20546542861	8904736741	15046976437	3291819875	6882146775	1241623424	455377127	2204725368	509878571	747885685	2443425728	384010	2511124	3975	2498271	1600783	0	0	0	0	0	0	0	0	0	0	0	0	0	0	0	7758	5267	348602	1897	2928	3595985269	1050311401	3552826152	9460469	173403	21776403	9293382	13427108	7610399	1493	1045	661	165124	158351	20222388	322270	132954	33781	770	14966463	28045033	4426866	13507059278	9151460971	30445	3138104354	3536986511	3016344938	2592232688	1429946152	124275989	247918892	581793668	1028478520	733574282	141241179	1048797125	730287378	2010470378	2379673196	826881979	915239370	1852030058	678821842	2960101350	0	276188	136333	1073	0	10452454	45298	311530	182254	1271	0	6844139	6624629	17091	28342	540	0	2669582	7868691	423208	1930	2397379694	1845387483	90346600	0	0	0	0	0	0	0	2099158510	7099023	1698565670	0	233775	0	1917	28	389659	296553	8	3216471	8768038	982343	853451	12121612	8417555	34062033	2521872128	30015415	27001176	1826582090	3583968409	1638564483	1457821073	1732168	2179541814	1936679521	4435138856	1813483135	1778944	9305406	16140140	0	48693933	44955088	8729652	8966903	25422982	30685836	2143357	48781051	3875079	59775637	36151914	541129	1268173	1455693	9780018	66334440	14034739	135680355	13554738	1225788	4242723	63245576	159204	196107	16567	262551201	12475857	10558585	11161604	5850630775	312216	1396893657	1651432716	0	0	1768	4996437267	53362	1456798	588140	75299	24922	8325	2585	622	46472245	22801472	687973	4182365	11565625	0	5065068547	7506602168	43999451	63337848	3765994519	3064888814	4523627978	1049609204	3078260219	2326873624	109278	448	46073054	48580593	48038582	2547710	0	598915678	93531792	418317	2968265	303974	146607	4862874	11348702	17543631	42224474	26725501	7941683	105525292	27644663	10992290	1547176	4449180539	23396408	26293949	2695967	13563	3
10225878831	6050735969	6428765421	6532595	1779864834	2519695	12491990	8428833743	4220210	1125	0	16440	258189836	9227388300	324736259	90339845	121635071	3903781225	8363036	1228941058	2740337224	56260269	235369256	2040905283	131471267	504393359	670313485	633316872	5703973059	27336510	36262067	30399807	22597160	3270788459	252828685	179005968	12041404760	22197348	3047523365	0	0	0	0	0	1338294665	24249955	0	0	0	0	0	0	0	0	0	0	0	0	0	0	0	0	0	245933	27432	27153	786	8025256177	13711557432	9220789727	3617574996	6304009513	1300280216	373346874	3579980190	540410630	1087012604	1380466916	452558	2609848	3625	3202078	1754943	0	0	0	0	0	0	0	0	0	0	0	0	0	0	0	4139	2782	413980	1728	2754	3246236638	922676748	3699629362	10379995	780804	20753628	7711171	8272976	8719459	1174	1135	391	296576	232640	23411475	338093	115500	36786	1020	9810805	39327394	5016126	11530065831	10933347958	39748	5209791752	4059056764	3331684260	2221046333	1154393460	156245421	212977961	719687666	884610176	762642411	181963235	717217446	968563581	1666243314	1824485558	1251270150	911023001	1848368866	635537636	2791717186	0	232695	139763	287	0	11487080	50450	268196	251680	1541	0	4566796	4480139	16138	12020	118	0	1285750	10772269	472772	2691	2104127771	1883796399	80789851	0	0	0	0	0	0	0	1881245537	5180009	1701040478	0	200548	0	1904	21	838385	277952	5	5252166	7463549	733353	579764	10134092	7073178	31208724	1962283283	35420312	2147801189	2827198258	1844382184	2231422807	2119796412	2862791	2190550676	1756627158	4070937588	2211004263	1066087	9051565	13800391	0	53271625	47429410	7905591	12712400	18842526	47887393	2137074	53086724	3750092	41206890	28455146	719258	3272876	2333488	9690136	60332561	14400450	102981252	18803103	1325339	1536766	50348718	100013	231908	30329	259266834	13779940	464835870	7975884	9286606950	240429	1692592546	1712199681	0	0	1457	1598385530	26178	1433068	727207	144790	79241	78529	20503	10068	176582546	53849633	16575897	19505571	8205501	0	10388973320	5146966504	40235782	39080929	3258797440	2959878649	1745279314	741813126	2235150150	1689214183	96914	1534	46788996	41808109	38712225	3706982	0	602156314	68850567	1350542	23529172	621516	194447	16496175	40182802	81672759	137287404	111831453	13971103	138491908	67513892	19240249	4798171	12445560113	56873669	30007453	14121756	46278	3
785206127	471360385	1930224816	943685	74662005	181126	659972	376729536	66625	264	0	3411	133199436	382964746	25276661	8859772	31682003	50393142	414999	25545212	53287870	20571018	43240068	120219473	8608538	24937404	123629992	344387321	421395245	9114745	27987474	10845448	6021188	261605184	29714787	18493962	301752030	1858417	201025685	0	0	0	0	0	70288959	37201858	0	0	0	0	0	0	0	0	0	0	0	0	0	0	0	0	0	23039	21949	521	49	187319031	181604925	835628062	231003451	284511773	28562706	7060471	51493996	7344782	27760296	617981917	1516	3688772	165	1187199	641571	0	0	0	0	0	0	0	0	0	0	0	0	0	0	0	1430	290	30327	782	1155	64517862	35362721	189849798	25381	19901	572259	434247	957898	43151	21	18	141	21506	798	2102254	15722	7679	1752	242	1108278	4661409	629370	1301022287	354944044	5328	171932082	214033674	103481242	49664439	40064269	10863591	21820151	17321745	26794456	22802607	26738357	21342825	18003278	225583081	67358073	44269337	20519120	55823148	26283535	175291049	0	4926	5914	24	0	103956	3456	6237	2449	690	0	272404	712257	5957	4781	24	0	218941	759424	1587	1290	97468844	74806708	1080542	0	0	0	0	0	0	0	144539316	15550325	341748422	0	1084	0	1277	17	262188	8262	0	1250514	539439	71256	407675	801154	465151	2462978	97995567	4066932	10850639	88382278	73011580	114378068	116603111	24565	92115402	72161230	193351748	108837304	255977	579858	1990795	0	5686996	3165454	756298	39024	659707	477007	149013	656836	622440	441613	26702	414467	44221	94908	1042344	944100	2517806	1978965	1060758	221075	59363	4454415	5003	3144	7314	24911354	1492769	834015	3269527	367681680	46257	68028648	97326148	0	0	735	85681672	8327	97844	18335	5664	1459	1998	467	76	9217789	3787045	412533	335462	271824	0	291603672	262689876	2510112	10845712	171916074	125486434	57901407	31464704	207978722	148188261	33029	393	3301603	3920874	1938270	337180	0	43684323	4745163	246792	539245	33508	9273	1766090	8583138	8242932	16614694	15004943	680162	35733961	11836357	6354301	2334095	4033855285	25498679	8657657	4840278	98	4
597208301	910480035	1155652056	1197133	79432348	167459	483618	273460103	54452	445	0	3489	92335699	160853569	30538784	6671618	58876424	438123383	541627	39910420	72006288	13549784	173993599	210539705	14003312	23460209	47028740	153595713	675506880	5957107	28097357	11081414	6394439	192728822	24581144	16312231	529575271	4027873	298181666	0	0	0	0	0	62094734	2723016	0	0	0	0	0	0	0	0	0	0	0	0	0	0	0	0	0	39541	18991	149	42	199926415	219676066	213632193	200092740	276856398	29205436	7622675	43375659	6396801	23064333	32300573	1866	1534025	199	2732117	747004	0	0	0	0	0	0	0	0	0	0	0	0	0	0	0	1671	517	41088	781	971	73129097	63942178	57675268	25097	45358	1340024	439665	368806	146606	60	61	132	73999	805	3196244	19055	13395	6215	296	5964077	7823491	543138	1345856997	272961790	5276	149288215	88100629	71237176	115331826	30547541	8303613	20769802	90505937	20527895	17462212	16532817	24949231	16428195	45217390	46011937	46290061	19224079	113091167	33803978	152395013	0	4604	2012	167	0	122841	3841	11049	2642	501	0	259600	999428	6557	5001	43	0	2006310	543095	1543	1289	77042811	155951723	877176	0	0	0	0	0	0	0	114081040	3869265	85980363	0	1127	0	1281	17	474556	8631	0	1736954	419622	59848	408199	754020	531105	2539329	84234123	5878790	12081449	197922275	67963156	76792690	83140743	52305	104542902	77154183	227195893	168055192	325278	1054861	3296309	0	2243411	2423532	550833	46045	538286	420630	90656	515494	714604	347080	29948	403323	88546	127586	1449034	1392015	1685081	1656414	648173	312322	81940	5149401	2363	2776	4769	22288022	1221019	1038097	3093001	564234056	42508	74767558	78163115	0	0	678	85144075	10798	32484	12160	10700	3585	1556	609	80	89855029	6855082	347548	217594	89004	0	303988483	393619468	12219180	19326009	196390233	131667757	230074270	38102915	207186566	99837813	22717	76	5633240	2906712	2690467	60919	0	26983905	5380834	199872	4429426	186779	3911	506324	1355324	1156064	17003414	8197048	1052636	20627983	5152901	5813412	437943	992690537	7183687	7684807	972175	4903	4
297136346	346474626	329827095	402020	729981929	89295	764392	276280713	59941	313	0	3490	91705087	286057251	36795831	12177542	72469486	62341166	526637	22711284	51787154	12792929	108625613	104355428	11952321	14721170	24715446	46705185	206010028	4514737	21876223	8552191	5456133	130444134	24309039	13486747	274848848	2601595	370484579	0	0	0	0	0	56599932	2699770	0	0	0	0	0	0	0	0	0	0	0	0	0	0	0	0	0	24970	15347	535	54	198636881	181811379	265577498	223592288	379941742	31406416	5235548	86805699	6694758	23229106	28327105	1526	4801604	205	1590642	990642	0	0	0	0	0	0	0	0	0	0	0	0	0	0	0	1102	5042	30191	777	1005	70143524	35900927	72270999	227618	16535	454703	418829	654274	55878	329	59	14	23242	804	2169668	34580	10668	2929	392	1806626	4858652	837727	296263315	254578536	5950	242430847	98220686	78281119	51371626	83628370	9110954	27922236	28271254	19612799	19359409	18081848	31304137	19626119	61788670	44976672	57206947	25388844	53979099	30671442	177177372	0	3951	2745	45	0	131460	4740	5690	2572	661	0	336217	392132	6438	4709	29	0	322380	394774	1557	1274	100906851	102765569	1010233	0	0	0	0	0	0	0	94204715	3423013	80537021	0	1526	0	1281	35	237926	8549	0	2560157	874799	46936	404365	1179138	592966	3110663	266055262	4655108	10783258	115339362	113018938	100027417	83818774	28721	84812788	84888692	163713621	131139474	493873	510332	1706685	0	2221629	1998432	493920	50935	421954	425997	209839	813512	388312	784565	37837	406929	42684	72405	10087647	1031630	1187448	1939205	642956	282873	19321	4388134	1599	3163	4790	31112067	1347648	697166	2591419	320921835	45472	78224174	70483805	0	0	678	88854946	8998	32448	14531	6574	1368	1673	426	62	7394492	1846167	195574	233162	206275	0	243461104	252858610	5490931	8328490	195296047	114198863	67387927	42203077	189872459	131887882	27376	11	2401734	2477146	2183893	24174	0	27927477	3929455	201538	106435	73494	6887	437040	1555927	723670	1762023	2696615	513020	3592473	1015232	1196671	119354	674490828	1098477	1285170	297617	162	4
3663956	3153566	3855150	170578	964996	43514	108003	3096095	14294	177	0	1843	1796725	2764638	520288	218730	656242	582443	6893	316644	682870	323382	883565	2828155	488202	590699	777581	1025529	2096039	60922	83535	135232	181421	327075	716942	46529	4824982	11589	1658834	0	0	0	0	0	532555	32894	0	0	0	0	0	0	0	0	0	0	0	0	0	0	0	0	0	659	96	1	0	3671555	3645222	3949539	1875018	3144883	481533	46651	614056	46874	273617	341077	378	15821	139	16562	8089	0	0	0	0	0	0	0	0	0	0	0	0	0	0	0	618	76	7495	235	270	918681	395752	868383	11757	4248	18675	7120	2653	28117	30	0	0	4715	187	73379	6361	2758	572	128	98266	117947	20351	4569582	4736137	2713	2005851	1795014	1353845	732828	175548	170477	432549	498992	415874	262032	14637	622061	599248	647416	689492	529626	646845	1040554	275999	1304056	0	988	579	12	0	34832	1026	2094	923	181	0	92975	18824	515	394	11	0	21515	3440	374	256	781394	539302	49272	0	0	0	0	0	0	0	1089414	21936	801678	0	686	0	245	16	4689	3046	1	12512	11070	22372	5049	38892	3503	124666	1112790	2201455	221442	4202202	580821	577598	1133417	7215	607577	448145	2511665	805327	20955	53029	116635	0	35499	33652	10044	13606	22767	7006	41302	63514	36973	14983	2253	5576	15609	22099	35646	73697	74831	133804	45015	50281	25767	96528	518	1098	382	580996	70738	353492	65911	3208839	24398	451217	336456	0	0	121	431660	7790	8687	3668	2079	924	425	149	17	127596	48348	19282	89172	22622	0	3062037	3108273	34217	135036	1838450	1370057	862283	456073	1350033	800429	21805	4	37465	35209	31492	45358	0	273924	67135	1021	45339	723	67	12160	26666	114084	48346	152881	28574	355169	91036	74976	16398	24827283	175453	143574	22690	0	5
3632740	3083785	4279860	253542	967428	44513	86080	4278852	16975	154	0	2110	1808141	2451829	506707	202987	651127	589451	13309	441525	684840	324723	924520	2702980	517468	639065	652061	996719	3518746	60852	142405	135904	161352	338493	993254	37456	4833644	11620	2993889	0	0	0	0	0	540966	39270	0	0	0	0	0	0	0	0	0	0	0	0	0	0	0	0	0	666	84	1	1	3615418	3652099	3961178	1934164	3031244	479499	46503	615420	46114	276014	343535	378	16242	140	16668	8948	0	0	0	0	0	0	0	0	0	0	0	0	0	0	0	906	72	7452	231	266	923762	391344	870926	11068	4218	17848	6948	2642	27013	1	0	0	4391	186	75079	6578	2817	611	123	35864	83137	19696	4623315	4647908	2766	1402480	1764938	1342631	848169	441279	125975	446012	510624	418807	265010	18314	653222	602277	644622	682466	521493	633141	1036628	275580	1326861	0	1086	582	11	0	24064	901	2137	942	138	0	87887	18542	494	381	16	0	19668	3143	374	244	757346	457505	46302	0	0	0	0	0	0	0	1048339	20751	697635	0	687	0	245	4	4153	2998	0	9081	10837	21553	5032	38694	3800	126086	960823	2182494	253678	4510609	900853	602381	1179071	3727	620434	444305	2299940	691090	19265	53270	114845	0	33654	35907	8838	13529	23219	8954	41644	61308	37930	23670	2351	4842	19136	21748	36142	76131	73731	135518	44228	26211	8405	145045	492	1119	396	587696	70721	343749	74546	3081215	24858	462073	324927	0	0	120	450104	5991	9203	3924	2098	879	402	90	4	125662	52362	17740	81480	25017	0	3096561	3071230	36838	136957	1779729	1352870	851795	438369	1344096	729386	39679	14	34222	36160	32074	9704	0	274540	67332	1844	44377	337	255	11753	26400	102684	137588	149926	14400	345182	196137	25170	4601	21994284	169915	135637	24172	0	5
17473121	80902236	76734099	413291	3530277	72159	275476	67722895	31907	276	0	2889	1635043245	9979979	16250302	5961464	2408610	2405661	764540	1981165	3203069	4620907	7260086	6806131	1151486	1714827	1949133	2464839	61518906	368969	1437591	288808	428092	59935737	2888315	2035183	35775612	133673	54031363	0	0	0	0	0	29269901	959247	0	0	0	0	0	0	0	0	0	0	0	0	0	0	0	0	0	4140	159	53	13	38034909	17353944	33133876	48790045	74002311	1311114	367680	2419869	366525	786255	11570237	1500	22325	147	22492	13160	1	0	0	0	0	0	0	0	0	0	0	0	0	0	0	1603	403	14254	1148	1099	3675003	1315348	3066313	20151	9369	149725	66805	58041	38965	95	45	4	7649	794	138263	10795	4675	1485	174	75973	175464	63454	33649750	37825609	3265	47653523	19519952	8035607	4338682	1651556	5809011	9465619	3619842	2647878	1386861	975649	5564221	5089957	3089500	2956485	10720502	5539339	8566786	1153158	1020402108	0	2290	1203	17	0	83074	3206	4757	2598	547	0	198361	560754	5863	4885	34	0	188659	60846	1499	1291	15218729	44229819	556938	0	0	0	0	0	0	0	17728547	296749	12498687	0	1248	0	1287	20	2492	8575	278	222451	74576	36464	398938	157389	94342	1095640	15257084	2940856	10618063	25765010	16403965	20506006	16873329	8144	606612877	13281517	27344544	19088666	43325	195148	646254	0	814992	1006600	152660	47716	103570	419128	70960	164663	50993	95940	19582	397549	40443	45366	496080	607690	565604	737427	173024	42099	14514	3636950	1154	6032	4711	92344392	1669955	765796	2278714	66849733	27047	11129466	9629988	0	0	665	21139146	5861	19133	10953	3779	1635	2443	504	50	1426232	98496	173065	193681	85439	0	84863348	122105964	774759	309918	22034785	42947509	4890962	6619987	55888953	61931053	22682	0	1633566	682497	610066	21365	0	752456	149580	5497	225910	3701	26978	509607	1302095	434976	443508	540125	704620	2246905	1660754	162152	29156	678436534	602410	324509	375499	52	1
17309003	80807261	95912622	353763	3668774	60045	287647	65427615	86562	229	0	2783	6817138	9858461	17595327	5676903	2861211	2280495	427449	1935428	3202371	4272698	7692718	6934094	1282507	1943562	2031378	2605517	84008949	375464	7636960	287681	333541	47411798	3107187	1971772	35353172	8243919	55129584	0	0	0	0	0	29186730	994985	0	0	0	0	0	0	0	0	0	0	0	0	0	0	0	0	0	4645	160	17	12	17786974	17277019	32828471	57907003	1576473464	1371996	424730	2718559	368250	758571	1668184	1532	40869	144	22699	11569	1	0	0	0	0	0	0	0	0	0	0	0	0	0	0	1671	214	14518	1145	1095	3499480	1277906	13686754	30488	7243	112352	65485	57393	39013	50	40	2	8688	882	145510	13790	6753	1418	288	78625	604870	43067	33997617	113870704	3353	56643086	18259770	8421415	4646003	1711000	30611882	10259359	5399234	2461272	1308526	1110109	5859526	5202060	3051431	2836489	2986357	5609531	8616002	1167142	43690793	0	2435	1412	23	0	135785	3258	5277	2464	407	0	217208	564658	6057	4716	18	0	183641	65841	1489	1287	16024079	19626871	544219	0	0	0	0	0	0	0	29908134	319766	13346309	0	1306	0	1291	3	2684	8462	351	330605	121168	42547	408223	195534	121010	1193115	514794772	3227815	11206733	21161145	29812356	20745799	19442767	15881	26775081	28473292	34071939	22743334	63392	230478	657733	0	805305	810519	322192	28150	135486	418244	67159	196001	56998	86053	17837	397504	43306	41600	652837	757507	555944	1130912	336982	46925	58585	3816192	1404	2933	4785	18665743	601709	708779	2704436	70031887	27044	9596697	10800108	0	0	661	11809606	6958	18405	9697	6012	1540	1334	350	44	269805	102354	193642	205181	75624	0	97577074	516013259	744824	501377	24262522	10811014	5652537	2247725	50943140	14650712	26274	232	768460	1055858	653849	155851	0	764945	149567	2723	160077	5867	3556	418366	846361	4569649	523896	498684	458158	3091924	710185	210328	46918	68869951	578954	330455	178865	12	1
110795928	134998194	173945889	1159452	33876982	87190	1568233	181373867	102341	305	0	3043	61428778	192285808	13046846	4584704	24998370	20276605	335441	26833149	31177916	10454671	22598402	67429137	7755431	15882477	22479628	29659561	117441274	9353485	5061761	4916373	3736068	87717984	13581402	9012032	162575832	941515	141622538	0	0	0	0	0	50896457	2094688	0	0	0	0	0	0	0	0	0	0	0	0	0	0	0	0	0	21182	14168	70	34	122124393	201292230	138751859	171159646	144496087	17243952	2938715	29026966	7948039	15598089	45872484	1494	592791	1476	1182922	442943	0	0	0	0	0	0	0	0	0	0	0	0	0	0	0	3383	5963	23662	797	1010	66930099	22817041	44867581	561873	24141	349194	559167	271555	43786	13	16	0	31133	766	2421887	22538	6405	1761	204	1210091	8465034	791212	216549516	298106793	3900	136625294	114669196	38027602	33491567	13683488	58368368	42811908	705257972	11801751	8858249	15849049	11736465	9864394	39253519	29626934	26227830	10695347	30809262	14348422	87339587	0	3992	3829	37	0	135035	3862	5780	2696	438	0	281468	281087	6420	5654	43	0	317517	231277	1481	1276	89685604	74808849	919689	0	0	0	0	0	0	0	133036075	1615570	43461448	0	1327	0	1279	652	150559	8549	0	1327483	245250	65654	273171	518845	252609	1541022	40176478	11560676	6787185	50442482	46216010	40876409	53079204	63233	88691927	53445767	117000764	106467174	279839	302440	1106953	0	2528525	1516881	204553	28760	342958	315483	181228	348854	455502	156068	125252	276604	44042	54755	613197	613294	814146	984689	785970	182325	98144	5986236	2642	2796	4713	12794066	1058092	1036304	1886183	171209649	29507	40639324	52336145	0	0	680	115889655	6890	70195	11479	16359	2484	1294	100	39	5680772	1669743	194149	233624	110870	0	248637246	161738143	1368018	3682442	60431033	75614431	27466141	24714944	83919506	70958491	20924	27	2166357	1533298	1286458	33028	0	11941169	3757483	58954	476386	6853	19448	561950	1943642	456961	844155	1132096	358827	5259230	1391715	645095	113774	275018041	663165	471703	410180	30	2
161590851	152874689	256127391	565770	38175889	111679	571384	131437141	58693	224	0	2889	59173843	219093158	11710056	4178762	18928566	21507577	375915	14535761	23498475	9271239	36646354	68205496	11668060	12833860	27053746	26559865	107748255	3082496	4965532	5429676	5804974	71083543	15701793	7524762	226997398	728102	90306019	0	0	0	0	0	26971401	1539919	0	0	0	0	0	0	0	0	0	0	0	0	0	0	0	0	0	30152	12462	132	18	102256940	100388364	115750039	208986552	157658588	16373259	2428441	27511120	6738389	13990651	13669011	1498	823239	1142	728359	312120	0	0	0	0	0	0	0	0	0	0	0	0	0	0	0	1163	364	22066	780	926	40068656	20726623	33629322	32104	21150	292928	270652	258720	45593	46	2	22	19438	739	3357727	14047	10832	1957	217	1148809	3067269	508955	180755204	164434684	3671	85341258	60088279	48426456	42354045	19302843	4941487	31177460	24580291	16201592	8857821	8537947	11636546	9720421	28619985	25233106	29032111	13235750	42129148	26854686	81009835	0	4600	2022	17	0	148206	3498	5643	2434	597	0	319050	253122	6080	4982	23	0	217642	233872	1491	1293	60047842	39743177	533886	0	0	0	0	0	0	0	42118237	2373901	129292744	0	1653	0	1282	160	189009	8535	0	484801	286177	50030	286878	518285	191636	1653538	39729687	4912165	9324213	93845399	38203502	60448182	43475998	10218	40923765	37404760	181312844	292251075	242810	369751	1152306	0	1212257	4196435	854647	37031	316712	373478	87943	645838	228567	140800	30205	273392	36690	62314	598442	803958	812477	1062971	551931	129253	42739	2706930	1420	3655	5402	14303515	747999	952088	1472689	141406395	30144	37841803	49908213	0	0	682	38727243	10076	41107	31161	7669	2290	1009	354	22	4846145	1695513	206491	373788	195904	0	128357629	126805811	1304512	3814190	55384224	125118722	138171999	26951138	109180472	40779916	39247	33	4870992	2827190	1128985	443186	0	26529787	13352187	67011	2205148	12609	3589	1040578	2879854	3355844	5249418	2487759	352978	3312929	2018427	432445	235441	77427893	435725	412610	150990	132	2
